﻿account_code,account_name,account_type,parent_code,level,is_leaf
activo-corriente,Activo Corriente,OTHER,,0,True
activo-fijo,Activo Fijo,OTHER,,0,True
apalancamiento,APALANCAMIENTO,OTHER,,0,True
apalancamiento-pasivo-patrimonio,Apalancamiento (Pasivo / Patrimonio),OTHER,,0,True
caja-y-bancos,Caja y Bancos,OTHER,,0,True
calculo-de-indicadores-de-balance,CALCULO DE INDICADORES DE BALANCE,OTHER,,0,True
calculo-de-indicadores-de-rentabilidad,CALCULO DE INDICADORES DE RENTABILIDAD,OTHER,,0,True
capital-social,Capital Social,OTHER,,0,True
capital-trabajo-neto-activo-circulante-pasivo-circulante,Capital Trabajo Neto (Activo circulante - Pasivo Circulante),OTHER,,0,True
compras-de-materia-prima,Compras de materia prima,OTHER,,0,True
confort-com,Confort.com,OTHER,,0,True
costos-financieros,Costos financieros,OTHER,,0,True
cuentas-por-cobrar,Cuentas por cobrar,OTHER,,0,True
cuentas-por-pagar-proveedores-materia-prima,Cuentas por pagar proveedores materia prima,OTHER,,0,True
cuentas-por-pagar-proveedores-servicios,Cuentas por pagar proveedores servicios,OTHER,,0,True
depreciaci-n-acumulada-maquinarias-planta,Depreciación acumulada maquinarias planta,OTHER,,0,True
depreciaci-n-acumulada-mobiliarios-y-enseres,Depreciación acumulada mobiliarios y enseres,OTHER,,0,True
deuda-a-corto-plazo,Deuda a corto plazo,OTHER,,0,True
deuda-a-largo-plazo,Deuda a largo plazo,OTHER,,0,True
deuda-financiera-patrimonio,Deuda Financiera / Patrimonio,OTHER,,0,True
ebitda,EBITDA,OTHER,,0,True
estado-de-resultados,Estado de resultados,OTHER,,0,True
estado-de-situaci-n-o-balance-general,Estado de Situación o Balance General,OTHER,,0,True
estados-financieros-hist-ricos,Estados Financieros históricos,OTHER,,0,True
gasto-de-depreciaci-n-maquinarias-planta,Gasto de depreciación Maquinarias planta,OTHER,,0,True
gasto-de-depreciaci-n-mobiliario-y-enseres,Gasto de depreciación Mobiliario y enseres,OTHER,,0,True
gastos-de-personal-administrativo,Gastos de personal administrativo,OTHER,,0,True
gastos-de-personal-obrero,Gastos de personal obrero,OTHER,,0,True
gastos-de-servicios-generales,Gastos de Servicios generales,OTHER,,0,True
impuestos-sobre-beneficios,Impuestos sobre beneficios,OTHER,,0,True
indicadores-de-balance-son-relaciones-matem-ticas-que-nos-permit,"Indicadores de balance: son relaciones matemáticas que nos permiten identificar como esta compuesto el patrimonio, evaluar la capacidad que tiene la empresa para saldar las obligaciones a corto plazo y medir en qué grado y de qué forma participan los acreedores dentro del financiamiento de la empresa.",OTHER,,0,True
indicadores-de-rentabilidad-son-relaciones-matem-ticas-que-permi,"Indicadores de rentabilidad: son relaciones matemáticas que permiten medir la efectividad de la administración de la empresa para controlar sus costos y gastos y, así convertir sus ventas en utilidades para el negocio.",OTHER,,0,True
indicadores-financieros,Indicadores financieros,OTHER,,0,True
ingresos,INGRESOS,REVENUE,,0,True
inventario,Inventario,OTHER,,0,True
liquidez,LIQUIDEZ,OTHER,,0,True
maquinarias-de-planta,Maquinarias de planta,OTHER,,0,True
mobiliarios-y-enseres,Mobiliarios y enseres,OTHER,,0,True
nan,nan,OTHER,,0,True
obligaciones-laborales-por-pagar,Obligaciones laborales por pagar,OTHER,,0,True
pasivo-activo,Pasivo / Activo,OTHER,,0,True
pasivo-circulante,Pasivo Circulante,OTHER,,0,True
pasivo-y-patrimonio,Pasivo y Patrimonio,OTHER,,0,True
patrimonio-neto,Patrimonio neto,OTHER,,0,True
prueba-acida-activo-corriente-invent-pasivo-corriente,Prueba Acida (Activo corriente - Invent./ Pasivo corriente),OTHER,,0,True
raz-n-circulante-activo-corriente-pasivo-corriente,Razón Circulante (Activo corriente / Pasivo corriente),OTHER,,0,True
rentabilidad,RENTABILIDAD,OTHER,,0,True
reserva-legal,Reserva legal,OTHER,,0,True
resultado-del-ejercicio-p-rdidas,Resultado del Ejercicio (Pérdidas),OTHER,,0,True
roa-ebitda-activos,ROA (EBITDA / Activos),OTHER,,0,True
roe-margen-neto-patrimonio,ROE (Margen neto / Patrimonio),OTHER,,0,True
total-activo,Total Activo,OTHER,,0,True
total-pasivo,Total Pasivo,OTHER,,0,True
utilidad-antes-de-impuestos,Utilidad antes de impuestos,OTHER,,0,True
utilidad-bruta,Utilidad Bruta,OTHER,,0,True
utilidad-neta,Utilidad Neta,OTHER,,0,True
utilidades-no-distribuidas,Utilidades no distribuidas,OTHER,,0,True
ventas,Ventas,OTHER,,0,True
