﻿company_code,period_code,account_code,scenario_code,center_code,amount
confort-com,2024-01,ingresos,ingresos,,139421.25
confort-com,2024-02,ingresos,ingresos,,139421.25
confort-com,2024-03,ingresos,ingresos,,139421.25
confort-com,2024-04,ingresos,ingresos,,139421.25
confort-com,2024-05,ingresos,ingresos,,139421.25
confort-com,2024-06,ingresos,ingresos,,139421.25
confort-com,2024-07,ingresos,ingresos,,139421.25
confort-com,2024-08,ingresos,ingresos,,139421.25
confort-com,2024-09,ingresos,ingresos,,139421.25
confort-com,2024-10,ingresos,ingresos,,139421.25
confort-com,2024-11,ingresos,ingresos,,139421.25
confort-com,2024-12,ingresos,ingresos,,139421.25
confort-com,2025-01,ingresos,ingresos,,188218.69
confort-com,2025-02,ingresos,ingresos,,188218.69
confort-com,2025-03,ingresos,ingresos,,188218.69
confort-com,2025-04,ingresos,ingresos,,188218.69
confort-com,2025-05,ingresos,ingresos,,188218.69
confort-com,2025-06,ingresos,ingresos,,188218.69
confort-com,2025-07,ingresos,ingresos,,188218.69
confort-com,2025-08,ingresos,ingresos,,188218.69
confort-com,2025-09,ingresos,ingresos,,188218.69
confort-com,2025-10,ingresos,ingresos,,188218.69
confort-com,2025-11,ingresos,ingresos,,188218.69
confort-com,2025-12,ingresos,ingresos,,188218.69
miempresa,2025-01,activo-corriente,1,58750-06,0.0
miempresa,2025-01,activo-fijo,1,13380,0.0
miempresa,2025-01,apalancamiento,actual,nan,0.0
miempresa,2025-01,apalancamiento-pasivo-patrimonio,actual,9-828713552,0.0
miempresa,2025-01,caja-y-bancos,1,57173-61,0.0
miempresa,2025-01,calculo-de-indicadores-de-balance,actual,nan,0.0
miempresa,2025-01,calculo-de-indicadores-de-rentabilidad,base,nan,0.0
miempresa,2025-01,capital-social,1,3000-06,0.0
miempresa,2025-01,capital-trabajo-neto-activo-circulante-pasivo-circulante,actual,21549-94,0.0
miempresa,2025-01,compras-de-materia-prima,1,86000,0.0
miempresa,2025-01,confort-com,actual,nan,0.0
miempresa,2025-01,confort-com,base,nan,0.0
miempresa,2025-01,costos-financieros,1,850,0.0
miempresa,2025-01,cuentas-por-cobrar,0,0,0.0
miempresa,2025-01,cuentas-por-pagar-proveedores-materia-prima,0,0,0.0
miempresa,2025-01,cuentas-por-pagar-proveedores-servicios,1,300,0.0
miempresa,2025-01,depreciaci-n-acumulada-maquinarias-planta,1,520,0.0
miempresa,2025-01,depreciaci-n-acumulada-mobiliarios-y-enseres,1,100,0.0
miempresa,2025-01,deuda-a-corto-plazo,1,80000,0.0
miempresa,2025-01,deuda-a-largo-plazo,0,0,0.0
miempresa,2025-01,deuda-financiera-patrimonio,actual,9-791993576,0.0
miempresa,2025-01,ebitda,1,18380,0.0
miempresa,2025-01,ebitda,actual,0-1225333333,0.0
miempresa,2025-01,ebitda,base,0-1225333333,0.0
miempresa,2025-01,estado-de-resultados,an-lisis-horizontal,hist-ricos,0.0
miempresa,2025-01,estado-de-situaci-n-o-balance-general,actual,nan,0.0
miempresa,2025-01,estado-de-situaci-n-o-balance-general,base,nan,0.0
miempresa,2025-01,estados-financieros-hist-ricos,actual,nan,0.0
miempresa,2025-01,estados-financieros-hist-ricos,base,nan,0.0
miempresa,2025-01,gasto-de-depreciaci-n-maquinarias-planta,1,520,0.0
miempresa,2025-01,gasto-de-depreciaci-n-mobiliario-y-enseres,1,100,0.0
miempresa,2025-01,gastos-de-personal-administrativo,1,24000,0.0
miempresa,2025-01,gastos-de-personal-obrero,1,9000,0.0
miempresa,2025-01,gastos-de-servicios-generales,1,12000,0.0
miempresa,2025-01,impuestos-sobre-beneficios,1,29500,0.0
miempresa,2025-01,indicadores-de-balance-son-relaciones-matem-ticas-que-nos-permit,actual,nan,0.0
miempresa,2025-01,indicadores-de-rentabilidad-son-relaciones-matem-ticas-que-permi,base,nan,0.0
miempresa,2025-01,indicadores-financieros,actual,nan,0.0
miempresa,2025-01,indicadores-financieros,base,nan,0.0
miempresa,2025-01,inventario,1,1576-45,0.0
miempresa,2025-01,liquidez,actual,nan,0.0
miempresa,2025-01,maquinarias-de-planta,1,10000,0.0
miempresa,2025-01,mobiliarios-y-enseres,1,4000,0.0
miempresa,2025-01,nan,2017,2017,0.0
miempresa,2025-01,nan,actual,0,0.0
miempresa,2025-01,nan,actual,nan,0.0
miempresa,2025-01,nan,base,0,0.0
miempresa,2025-01,nan,base,nan,0.0
miempresa,2025-01,obligaciones-laborales-por-pagar,0,0,0.0
miempresa,2025-01,pasivo-activo,actual,1-113266785,0.0
miempresa,2025-01,pasivo-circulante,1,80300,0.0
miempresa,2025-01,pasivo-y-patrimonio,1,72130-06,0.0
miempresa,2025-01,patrimonio-neto,1,8169-94,0.0
miempresa,2025-01,prueba-acida-activo-corriente-invent-pasivo-corriente,actual,0-7120001245,0.0
miempresa,2025-01,raz-n-circulante-activo-corriente-pasivo-corriente,actual,0-7316321295,0.0
miempresa,2025-01,rentabilidad,actual,nan,0.0
miempresa,2025-01,rentabilidad,base,nan,0.0
miempresa,2025-01,reserva-legal,1,800,0.0
miempresa,2025-01,resultado-del-ejercicio-p-rdidas,1,11970,0.0
miempresa,2025-01,roa-ebitda-activos,actual,0-2548174783,0.0
miempresa,2025-01,roa-ebitda-activos,base,0-2548174783,0.0
miempresa,2025-01,roe-margen-neto-patrimonio,actual,0-1659502293,0.0
miempresa,2025-01,roe-margen-neto-patrimonio,base,0-1659502293,0.0
miempresa,2025-01,total-activo,1,72130-06,0.0
miempresa,2025-01,total-pasivo,1,80300,0.0
miempresa,2025-01,utilidad-antes-de-impuestos,1,17530,0.0
miempresa,2025-01,utilidad-bruta,1,55000,0.0
miempresa,2025-01,utilidad-bruta,actual,0-3666666667,0.0
miempresa,2025-01,utilidad-bruta,base,0-3666666667,0.0
miempresa,2025-01,utilidad-neta,1,11970,0.0
miempresa,2025-01,utilidad-neta,actual,0-0798,0.0
miempresa,2025-01,utilidad-neta,base,0-0798,0.0
miempresa,2025-01,utilidades-no-distribuidas,0,0,0.0
miempresa,2025-01,ventas,1,150000,0.0
